{
    "loss": 0.5101569890975952,
    "accuracy": 0.9482758641242981
}